{"stats":{"minecraft:picked_up":{"minecraft:dirt":11},"minecraft:custom":{"minecraft:jump":250,"minecraft:time_since_rest":5658,"minecraft:damage_dealt":40,"minecraft:damage_taken":330,"minecraft:leave_game":2,"minecraft:play_time":5883,"minecraft:sprint_one_cm":18033,"minecraft:time_since_death":5630,"minecraft:walk_one_cm":5635,"minecraft:deaths":1,"minecraft:total_world_time":5883,"minecraft:fall_one_cm":11187,"minecraft:fly_one_cm":72793},"minecraft:used":{"minecraft:dirt":11},"minecraft:mined":{"minecraft:grass":1,"minecraft:grass_block":11}},"DataVersion":3465}